model,requested_target,estimated_target,target_transformation,shock,horizon_weeks,orthogonalized_irf
weekly_recursive_svar_shocks_to_fx_return,fx_return,fx_return,weekly_level_return,vix_change,0,0.06767546561935477
weekly_recursive_svar_shocks_to_fx_return,fx_return,fx_return,weekly_level_return,us10y_change,0,0.03750903074681725
weekly_recursive_svar_shocks_to_fx_return,fx_return,fx_return,weekly_level_return,dxy_return,0,-0.004800884762716994
weekly_recursive_svar_shocks_to_fx_return,fx_return,fx_return,weekly_level_return,oil_change,0,-0.035865031164213045
weekly_recursive_svar_shocks_to_fx_return,fx_return,fx_return,weekly_level_return,vnindex_return,0,-0.11828076164430947
weekly_recursive_svar_shocks_to_fx_return,fx_return,fx_return,weekly_level_return,vix_change,1,0.051202020232976674
weekly_recursive_svar_shocks_to_fx_return,fx_return,fx_return,weekly_level_return,us10y_change,1,0.13850984442308673
weekly_recursive_svar_shocks_to_fx_return,fx_return,fx_return,weekly_level_return,dxy_return,1,0.10582799925892789
weekly_recursive_svar_shocks_to_fx_return,fx_return,fx_return,weekly_level_return,oil_change,1,-0.03088745968340513
weekly_recursive_svar_shocks_to_fx_return,fx_return,fx_return,weekly_level_return,vnindex_return,1,-0.06612276435895197
weekly_recursive_svar_shocks_to_fx_return,fx_return,fx_return,weekly_level_return,vix_change,2,0.012370357021132905
weekly_recursive_svar_shocks_to_fx_return,fx_return,fx_return,weekly_level_return,us10y_change,2,-0.005273353662957021
weekly_recursive_svar_shocks_to_fx_return,fx_return,fx_return,weekly_level_return,dxy_return,2,-0.007842741253027224
weekly_recursive_svar_shocks_to_fx_return,fx_return,fx_return,weekly_level_return,oil_change,2,0.013495980185366348
weekly_recursive_svar_shocks_to_fx_return,fx_return,fx_return,weekly_level_return,vnindex_return,2,0.008052807775696814
weekly_recursive_svar_shocks_to_fx_return,fx_return,fx_return,weekly_level_return,vix_change,3,-0.004884110044505143
weekly_recursive_svar_shocks_to_fx_return,fx_return,fx_return,weekly_level_return,us10y_change,3,0.0014245359972005114
weekly_recursive_svar_shocks_to_fx_return,fx_return,fx_return,weekly_level_return,dxy_return,3,0.00029306539989424984
weekly_recursive_svar_shocks_to_fx_return,fx_return,fx_return,weekly_level_return,oil_change,3,-0.00016867351026808922
weekly_recursive_svar_shocks_to_fx_return,fx_return,fx_return,weekly_level_return,vnindex_return,3,0.0002164477120948974
weekly_recursive_svar_shocks_to_fx_return,fx_return,fx_return,weekly_level_return,vix_change,4,0.0006932967658039173
weekly_recursive_svar_shocks_to_fx_return,fx_return,fx_return,weekly_level_return,us10y_change,4,-0.0002743716013515399
weekly_recursive_svar_shocks_to_fx_return,fx_return,fx_return,weekly_level_return,dxy_return,4,7.660628874756929e-05
weekly_recursive_svar_shocks_to_fx_return,fx_return,fx_return,weekly_level_return,oil_change,4,-4.697858131400329e-05
weekly_recursive_svar_shocks_to_fx_return,fx_return,fx_return,weekly_level_return,vnindex_return,4,-0.00019283025450011297
weekly_recursive_svar_shocks_to_fx_return,fx_return,fx_return,weekly_level_return,vix_change,5,-4.728473743314272e-05
weekly_recursive_svar_shocks_to_fx_return,fx_return,fx_return,weekly_level_return,us10y_change,5,5.8599541277530155e-05
weekly_recursive_svar_shocks_to_fx_return,fx_return,fx_return,weekly_level_return,dxy_return,5,-1.867890371491392e-06
weekly_recursive_svar_shocks_to_fx_return,fx_return,fx_return,weekly_level_return,oil_change,5,-1.4511965187483767e-05
weekly_recursive_svar_shocks_to_fx_return,fx_return,fx_return,weekly_level_return,vnindex_return,5,6.46160408329626e-06
weekly_recursive_svar_shocks_to_fx_return,fx_return,fx_return,weekly_level_return,vix_change,6,5.678207258047845e-06
weekly_recursive_svar_shocks_to_fx_return,fx_return,fx_return,weekly_level_return,us10y_change,6,-4.7906454698102616e-06
weekly_recursive_svar_shocks_to_fx_return,fx_return,fx_return,weekly_level_return,dxy_return,6,9.935163956897501e-07
weekly_recursive_svar_shocks_to_fx_return,fx_return,fx_return,weekly_level_return,oil_change,6,5.637578198874744e-06
weekly_recursive_svar_shocks_to_fx_return,fx_return,fx_return,weekly_level_return,vnindex_return,6,1.7792182262654475e-06
weekly_recursive_svar_shocks_to_fx_return,fx_return,fx_return,weekly_level_return,vix_change,7,-1.5506387369301387e-06
weekly_recursive_svar_shocks_to_fx_return,fx_return,fx_return,weekly_level_return,us10y_change,7,1.951497190730815e-07
weekly_recursive_svar_shocks_to_fx_return,fx_return,fx_return,weekly_level_return,dxy_return,7,-5.202099537954161e-07
weekly_recursive_svar_shocks_to_fx_return,fx_return,fx_return,weekly_level_return,oil_change,7,-4.016024481021106e-07
weekly_recursive_svar_shocks_to_fx_return,fx_return,fx_return,weekly_level_return,vnindex_return,7,5.2803714753910604e-08
weekly_recursive_svar_shocks_to_fx_return,fx_return,fx_return,weekly_level_return,vix_change,8,2.2312461818775724e-07
weekly_recursive_svar_shocks_to_fx_return,fx_return,fx_return,weekly_level_return,us10y_change,8,-1.8220816829877055e-08
weekly_recursive_svar_shocks_to_fx_return,fx_return,fx_return,weekly_level_return,dxy_return,8,1.1562079288588079e-07
weekly_recursive_svar_shocks_to_fx_return,fx_return,fx_return,weekly_level_return,oil_change,8,-2.8863654844419373e-08
weekly_recursive_svar_shocks_to_fx_return,fx_return,fx_return,weekly_level_return,vnindex_return,8,-8.260244362199909e-08
weekly_recursive_svar_shocks_to_fx_return,fx_return,fx_return,weekly_level_return,vix_change,9,-6.386785482650883e-09
weekly_recursive_svar_shocks_to_fx_return,fx_return,fx_return,weekly_level_return,us10y_change,9,6.757611951670124e-09
weekly_recursive_svar_shocks_to_fx_return,fx_return,fx_return,weekly_level_return,dxy_return,9,-1.2612149011901397e-08
weekly_recursive_svar_shocks_to_fx_return,fx_return,fx_return,weekly_level_return,oil_change,9,2.8386798034745646e-09
weekly_recursive_svar_shocks_to_fx_return,fx_return,fx_return,weekly_level_return,vnindex_return,9,8.463707766479889e-09
weekly_recursive_svar_shocks_to_fx_return,fx_return,fx_return,weekly_level_return,vix_change,10,-1.9349939801070857e-09
weekly_recursive_svar_shocks_to_fx_return,fx_return,fx_return,weekly_level_return,us10y_change,10,-1.278975442694495e-10
weekly_recursive_svar_shocks_to_fx_return,fx_return,fx_return,weekly_level_return,dxy_return,10,1.0301657867638042e-09
weekly_recursive_svar_shocks_to_fx_return,fx_return,fx_return,weekly_level_return,oil_change,10,1.02212828239195e-09
weekly_recursive_svar_shocks_to_fx_return,fx_return,fx_return,weekly_level_return,vnindex_return,10,4.1917112840815324e-10
weekly_recursive_svar_shocks_to_fx_return,fx_return,fx_return,weekly_level_return,vix_change,11,1.7231270620038026e-10
weekly_recursive_svar_shocks_to_fx_return,fx_return,fx_return,weekly_level_return,us10y_change,11,-2.235941782658744e-10
weekly_recursive_svar_shocks_to_fx_return,fx_return,fx_return,weekly_level_return,dxy_return,11,-1.6309736069248191e-10
weekly_recursive_svar_shocks_to_fx_return,fx_return,fx_return,weekly_level_return,oil_change,11,-1.1361837895069534e-10
weekly_recursive_svar_shocks_to_fx_return,fx_return,fx_return,weekly_level_return,vnindex_return,11,-8.63819476011069e-11
weekly_recursive_svar_shocks_to_fx_return,fx_return,fx_return,weekly_level_return,vix_change,12,-1.775860711867066e-12
weekly_recursive_svar_shocks_to_fx_return,fx_return,fx_return,weekly_level_return,us10y_change,12,4.449543401404063e-11
weekly_recursive_svar_shocks_to_fx_return,fx_return,fx_return,weekly_level_return,dxy_return,12,3.176977215565306e-11
weekly_recursive_svar_shocks_to_fx_return,fx_return,fx_return,weekly_level_return,oil_change,12,-2.0250294302646887e-11
weekly_recursive_svar_shocks_to_fx_return,fx_return,fx_return,weekly_level_return,vnindex_return,12,-1.4406989274095901e-11
weekly_recursive_svar_shocks_to_log_selected_cond_vol,log_selected_cond_vol,log_selected_cond_vol,weekly_log_volatility_level,vix_change,0,0.020375085206087256
weekly_recursive_svar_shocks_to_log_selected_cond_vol,log_selected_cond_vol,log_selected_cond_vol,weekly_log_volatility_level,us10y_change,0,-0.006774076688403166
weekly_recursive_svar_shocks_to_log_selected_cond_vol,log_selected_cond_vol,log_selected_cond_vol,weekly_log_volatility_level,dxy_return,0,-0.03016789421981107
weekly_recursive_svar_shocks_to_log_selected_cond_vol,log_selected_cond_vol,log_selected_cond_vol,weekly_log_volatility_level,oil_change,0,-0.04839635608319234
weekly_recursive_svar_shocks_to_log_selected_cond_vol,log_selected_cond_vol,log_selected_cond_vol,weekly_log_volatility_level,vnindex_return,0,-0.01586883503281163
weekly_recursive_svar_shocks_to_log_selected_cond_vol,log_selected_cond_vol,log_selected_cond_vol,weekly_log_volatility_level,vix_change,1,-0.01540641105534106
weekly_recursive_svar_shocks_to_log_selected_cond_vol,log_selected_cond_vol,log_selected_cond_vol,weekly_log_volatility_level,us10y_change,1,-0.03272971719972541
weekly_recursive_svar_shocks_to_log_selected_cond_vol,log_selected_cond_vol,log_selected_cond_vol,weekly_log_volatility_level,dxy_return,1,-0.03542422644957878
weekly_recursive_svar_shocks_to_log_selected_cond_vol,log_selected_cond_vol,log_selected_cond_vol,weekly_log_volatility_level,oil_change,1,-0.07264100551850357
weekly_recursive_svar_shocks_to_log_selected_cond_vol,log_selected_cond_vol,log_selected_cond_vol,weekly_log_volatility_level,vnindex_return,1,-0.0017038358119496313
weekly_recursive_svar_shocks_to_log_selected_cond_vol,log_selected_cond_vol,log_selected_cond_vol,weekly_log_volatility_level,vix_change,2,-0.005127616369801597
weekly_recursive_svar_shocks_to_log_selected_cond_vol,log_selected_cond_vol,log_selected_cond_vol,weekly_log_volatility_level,us10y_change,2,-0.024172292741448075
weekly_recursive_svar_shocks_to_log_selected_cond_vol,log_selected_cond_vol,log_selected_cond_vol,weekly_log_volatility_level,dxy_return,2,-0.02298187517653009
weekly_recursive_svar_shocks_to_log_selected_cond_vol,log_selected_cond_vol,log_selected_cond_vol,weekly_log_volatility_level,oil_change,2,-0.051910123455173686
weekly_recursive_svar_shocks_to_log_selected_cond_vol,log_selected_cond_vol,log_selected_cond_vol,weekly_log_volatility_level,vnindex_return,2,-0.0018988371480824844
weekly_recursive_svar_shocks_to_log_selected_cond_vol,log_selected_cond_vol,log_selected_cond_vol,weekly_log_volatility_level,vix_change,3,-0.003931948663035312
weekly_recursive_svar_shocks_to_log_selected_cond_vol,log_selected_cond_vol,log_selected_cond_vol,weekly_log_volatility_level,us10y_change,3,-0.016429339954467305
weekly_recursive_svar_shocks_to_log_selected_cond_vol,log_selected_cond_vol,log_selected_cond_vol,weekly_log_volatility_level,dxy_return,3,-0.016073771368905088
weekly_recursive_svar_shocks_to_log_selected_cond_vol,log_selected_cond_vol,log_selected_cond_vol,weekly_log_volatility_level,oil_change,3,-0.036064330225993216
weekly_recursive_svar_shocks_to_log_selected_cond_vol,log_selected_cond_vol,log_selected_cond_vol,weekly_log_volatility_level,vnindex_return,3,-0.0011535194754922068
weekly_recursive_svar_shocks_to_log_selected_cond_vol,log_selected_cond_vol,log_selected_cond_vol,weekly_log_volatility_level,vix_change,4,-0.002735657988904832
weekly_recursive_svar_shocks_to_log_selected_cond_vol,log_selected_cond_vol,log_selected_cond_vol,weekly_log_volatility_level,us10y_change,4,-0.011475403996633209
weekly_recursive_svar_shocks_to_log_selected_cond_vol,log_selected_cond_vol,log_selected_cond_vol,weekly_log_volatility_level,dxy_return,4,-0.0111842547142534
weekly_recursive_svar_shocks_to_log_selected_cond_vol,log_selected_cond_vol,log_selected_cond_vol,weekly_log_volatility_level,oil_change,4,-0.025049341988757263
weekly_recursive_svar_shocks_to_log_selected_cond_vol,log_selected_cond_vol,log_selected_cond_vol,weekly_log_volatility_level,vnindex_return,4,-0.0007862161316098834
weekly_recursive_svar_shocks_to_log_selected_cond_vol,log_selected_cond_vol,log_selected_cond_vol,weekly_log_volatility_level,vix_change,5,-0.0019086657813829396
weekly_recursive_svar_shocks_to_log_selected_cond_vol,log_selected_cond_vol,log_selected_cond_vol,weekly_log_volatility_level,us10y_change,5,-0.00798151138001298
weekly_recursive_svar_shocks_to_log_selected_cond_vol,log_selected_cond_vol,log_selected_cond_vol,weekly_log_volatility_level,dxy_return,5,-0.0077816787951462425
weekly_recursive_svar_shocks_to_log_selected_cond_vol,log_selected_cond_vol,log_selected_cond_vol,weekly_log_volatility_level,oil_change,5,-0.017431582715107634
weekly_recursive_svar_shocks_to_log_selected_cond_vol,log_selected_cond_vol,log_selected_cond_vol,weekly_log_volatility_level,vnindex_return,5,-0.0005497815342354704
weekly_recursive_svar_shocks_to_log_selected_cond_vol,log_selected_cond_vol,log_selected_cond_vol,weekly_log_volatility_level,vix_change,6,-0.0013260755225849375
weekly_recursive_svar_shocks_to_log_selected_cond_vol,log_selected_cond_vol,log_selected_cond_vol,weekly_log_volatility_level,us10y_change,6,-0.005552690388408102
weekly_recursive_svar_shocks_to_log_selected_cond_vol,log_selected_cond_vol,log_selected_cond_vol,weekly_log_volatility_level,dxy_return,6,-0.005413036817550807
weekly_recursive_svar_shocks_to_log_selected_cond_vol,log_selected_cond_vol,log_selected_cond_vol,weekly_log_volatility_level,oil_change,6,-0.012126472306211828
weekly_recursive_svar_shocks_to_log_selected_cond_vol,log_selected_cond_vol,log_selected_cond_vol,weekly_log_volatility_level,vnindex_return,6,-0.0003826491214840281
weekly_recursive_svar_shocks_to_log_selected_cond_vol,log_selected_cond_vol,log_selected_cond_vol,weekly_log_volatility_level,vix_change,7,-0.0009226773677579944
weekly_recursive_svar_shocks_to_log_selected_cond_vol,log_selected_cond_vol,log_selected_cond_vol,weekly_log_volatility_level,us10y_change,7,-0.0038626879715440037
weekly_recursive_svar_shocks_to_log_selected_cond_vol,log_selected_cond_vol,log_selected_cond_vol,weekly_log_volatility_level,dxy_return,7,-0.0037656815037216762
weekly_recursive_svar_shocks_to_log_selected_cond_vol,log_selected_cond_vol,log_selected_cond_vol,weekly_log_volatility_level,oil_change,7,-0.008435917414207229
weekly_recursive_svar_shocks_to_log_selected_cond_vol,log_selected_cond_vol,log_selected_cond_vol,weekly_log_volatility_level,vnindex_return,7,-0.0002661432994747735
weekly_recursive_svar_shocks_to_log_selected_cond_vol,log_selected_cond_vol,log_selected_cond_vol,weekly_log_volatility_level,vix_change,8,-0.0006418638455966516
weekly_recursive_svar_shocks_to_log_selected_cond_vol,log_selected_cond_vol,log_selected_cond_vol,weekly_log_volatility_level,us10y_change,8,-0.0026871453605304798
weekly_recursive_svar_shocks_to_log_selected_cond_vol,log_selected_cond_vol,log_selected_cond_vol,weekly_log_volatility_level,dxy_return,8,-0.00261964399884261
weekly_recursive_svar_shocks_to_log_selected_cond_vol,log_selected_cond_vol,log_selected_cond_vol,weekly_log_volatility_level,oil_change,8,-0.005868545142148235
weekly_recursive_svar_shocks_to_log_selected_cond_vol,log_selected_cond_vol,log_selected_cond_vol,weekly_log_volatility_level,vnindex_return,8,-0.00018514476481667957
weekly_recursive_svar_shocks_to_log_selected_cond_vol,log_selected_cond_vol,log_selected_cond_vol,weekly_log_volatility_level,vix_change,9,-0.00044652256603862654
weekly_recursive_svar_shocks_to_log_selected_cond_vol,log_selected_cond_vol,log_selected_cond_vol,weekly_log_volatility_level,us10y_change,9,-0.00186934582553336
weekly_recursive_svar_shocks_to_log_selected_cond_vol,log_selected_cond_vol,log_selected_cond_vol,weekly_log_volatility_level,dxy_return,9,-0.0018223891412566889
weekly_recursive_svar_shocks_to_log_selected_cond_vol,log_selected_cond_vol,log_selected_cond_vol,weekly_log_volatility_level,oil_change,9,-0.0040825303556812
weekly_recursive_svar_shocks_to_log_selected_cond_vol,log_selected_cond_vol,log_selected_cond_vol,weekly_log_volatility_level,vnindex_return,9,-0.00012879910054677511
weekly_recursive_svar_shocks_to_log_selected_cond_vol,log_selected_cond_vol,log_selected_cond_vol,weekly_log_volatility_level,vix_change,10,-0.00031062861988956163
weekly_recursive_svar_shocks_to_log_selected_cond_vol,log_selected_cond_vol,log_selected_cond_vol,weekly_log_volatility_level,us10y_change,10,-0.0013004344568154052
weekly_recursive_svar_shocks_to_log_selected_cond_vol,log_selected_cond_vol,log_selected_cond_vol,weekly_log_volatility_level,dxy_return,10,-0.0012677682103199028
weekly_recursive_svar_shocks_to_log_selected_cond_vol,log_selected_cond_vol,log_selected_cond_vol,weekly_log_volatility_level,oil_change,10,-0.0028400643673921868
weekly_recursive_svar_shocks_to_log_selected_cond_vol,log_selected_cond_vol,log_selected_cond_vol,weekly_log_volatility_level,vnindex_return,10,-8.960074964900799e-05
weekly_recursive_svar_shocks_to_log_selected_cond_vol,log_selected_cond_vol,log_selected_cond_vol,weekly_log_volatility_level,vix_change,11,-0.00021609284294215052
weekly_recursive_svar_shocks_to_log_selected_cond_vol,log_selected_cond_vol,log_selected_cond_vol,weekly_log_volatility_level,us10y_change,11,-0.0009046638317629401
weekly_recursive_svar_shocks_to_log_selected_cond_vol,log_selected_cond_vol,log_selected_cond_vol,weekly_log_volatility_level,dxy_return,11,-0.0008819391868641374
weekly_recursive_svar_shocks_to_log_selected_cond_vol,log_selected_cond_vol,log_selected_cond_vol,weekly_log_volatility_level,oil_change,11,-0.0019757271083285987
weekly_recursive_svar_shocks_to_log_selected_cond_vol,log_selected_cond_vol,log_selected_cond_vol,weekly_log_volatility_level,vnindex_return,11,-6.233189420642826e-05
weekly_recursive_svar_shocks_to_log_selected_cond_vol,log_selected_cond_vol,log_selected_cond_vol,weekly_log_volatility_level,vix_change,12,-0.00015032774497639905
weekly_recursive_svar_shocks_to_log_selected_cond_vol,log_selected_cond_vol,log_selected_cond_vol,weekly_log_volatility_level,us10y_change,12,-0.0006293409733110242
weekly_recursive_svar_shocks_to_log_selected_cond_vol,log_selected_cond_vol,log_selected_cond_vol,weekly_log_volatility_level,dxy_return,12,-0.0006135322766482624
weekly_recursive_svar_shocks_to_log_selected_cond_vol,log_selected_cond_vol,log_selected_cond_vol,weekly_log_volatility_level,oil_change,12,-0.0013744398349949912
weekly_recursive_svar_shocks_to_log_selected_cond_vol,log_selected_cond_vol,log_selected_cond_vol,weekly_log_volatility_level,vnindex_return,12,-4.336197996707919e-05
